{"cameraMode":{"drawMode":0,"name":"Shaded","section":"Shading Mode"},"sceneLighting":true,"audioPlay":false,"sceneViewState":{"m_AlwaysRefresh":false,"showFog":true,"showSkybox":true,"showFlares":true,"showImageEffects":true,"showParticleSystems":true,"showVisualEffectGraphs":true,"m_FxEnabled":true},"in2DMode":false,"pivot":{"x":1196.4603271484375,"y":-532.8931884765625,"z":1516.5018310546875},"rotation":{"x":0.15833616256713868,"y":0.2521243393421173,"z":-0.040391869843006137,"w":0.9540965557098389},"size":864.5530395507813,"orthographic":false}